alpha,last_token_loss,last_token_perplexity
0.0,4.147438227183108,63.27170477138502
0.5,4.1877884506857175,65.87693964047367
1.0,34.01724105834961,593608459197375.1
