layer,adapter_acc,sklearn_acc
20,0.0067304284311831,0.0028338646829613886
25,0.020545518025755882,0.015586255756287637
28,0.04002833738923073,0.032235210768685796
30,0.04463336989283562,0.032235210768685796
